"State ID","State","Trade Value","Share"
2,"Baja California",78505,0.0006709518340887767
9,"Ciudad de México",63163703,0.5398357095177221
11,"Guanajuato",52899621,0.45211257540986144
14,"Jalisco",342516625,2.927356954966534
22,"Querétaro",329040,0.002812177459888811
25,"Sinaloa",11615475,0.09927296675450395
26,"Sonora",11217901895,95.8750633854941
28,"Tamaulipas",92738,0.0007925957733867266
33,"No Informado",11944227,0.10208268278992022