"State ID","State","Trade Value","Share"
2,"Baja California",99199648,8.165277833857102
25,"Sinaloa",1041377460,85.71740386434043
26,"Sonora",12358469,1.0172448695191956
30,"Veracruz de Ignacio de la Llave",61960597,5.100073432283276