"State ID","State","Trade Value","Share"
8,"Chihuahua",25867442,17.971661771365156
25,"Sinaloa",112128927,77.90268364495006
30,"Veracruz de Ignacio de la Llave",5938245,4.125654583684783